154190,1-2,月3; 月4; 月5,看護方法論II,坪田 恵子,2,専門教育科目 看護学,4.0,杉 看護実習室,講義、グループワークおよび、演習\\n[スケジュール]\\n第1-9回    清潔への援助\\n第10-21回  食と排泄への援助\\n第22-27回  総合演習\\n第28-39回  診断治療と看護 与薬と看護 検査と看護\\n第40回     医療事故と看護\\n第41回     生命のおびやかしへの看護\\n第42回     包帯法\\n第43-44回  終末期の看護\\n第45回          情報管理,・課題への取り組み状況(50% 課題提出、グループ活動の状況)\\n実技試験(30% 課題について看護実践としての実施を評価する)\\nレポート(20% 看護技術の根拠を調べ考えられていること、自分の看護実践を振り返ることができていること)\\n・達成目標1~18において、総合成績に寄与する率は同等である。\\n評価のフィードバックについて\\n・課題では不十分な点は、返却時に助言を記載し、個別に質問を受ける。\\n・実技試験では、改善点を伝え、一定の到達度にいくまで実施する。,
154530,1-2,月3,地域看護学総論,田村 須賀子,3,専門教育科目 看護学,2,杉 22講義室,1-7回     地域看護・公衆衛生看護\\n8-11回    学校看護活動\\n12-15回   産業看護活動,評価に対するすべての目標の寄与率は同等です。\\n定期試験(60%); 課題レポート(10%); 授業ごとのミニレポート(20%); WEBフォーラム参加・課題提出(10%)\\nただし優秀者が多い場合、「秀」は上位10%以内、「優」は秀を含めて30%以内とします。\\n評価についての疑問・質問を受け付け、解説する・個別面談をすることによりフィードバックします。,
154090,3-4,月3,栄養生化学,岩田 実,2,専門教育科目 看護基礎科学,1,杉 11講義室,授業は後期月曜日3限に行う。管理栄養士による臨床栄養学の講義も予定している。授業計画を参照の事。,試験結果を総合的に判断する。達成目標に対する成績評価の配分は概ね均等とする。成績の評価は定期試験による。生化学講座と岩田の担当分で50%、吉井の担当分で残り50%とする。評価基準は定期テストが60%以上正答できることとする。ただし成績評価は試験の素点ではなく、優秀者が多い場合、「秀」は上位10%以内、「優」は秀を含めて30%以内とする。,
154420,3-4,月4,精神臨床医学,樋口 悠子,3,専門教育科目 看護学,1.0,杉 22講義室,講義形式にて行う。毎回、出席をとる。\\nスケジュールは以下の通り\\n1回目	序論・精神症状・依存症\\n2回目	認知症・器質性精神障害\\n3回目	統合失調症\\n4回目	気分障害\\n5回目	不安障害・人格障害\\n6回目	てんかん・睡眠障害\\n7回目	児童青年期精神障害\\n8回目 試験,学年末に行われる筆記試験の成績にて評価対象とする(100%)。評価基準として、設定した課題の意図を的確に理解したうえで記述していることが求められる。正答問題数が6割を超えた場合に合格とする。\\n不合格者には別に課題(レポート)を課す。その内容が60点を超えると判断される場合に合格とする。\\n出席日数が基準以下の者は不合格となる可能性があるので注意すること。,
154460,3-4,月4,小児看護学総論,桶本 千史,2,専門教育科目 看護学,2.0,杉 11講義室,1. 小児看護の理念\\n2. 小児の健康増進と安全な環境の提供\\n3. 小児の成長発達の概要\\n4. 乳幼児期の成長発達の特徴と養育\\n5. 学童・思春期の成長発達の特徴とセルフケア\\n6. 小児の感染症と看護\\n7. 小児と地域社会とのかかわり\\n8. 小児病棟における看護\\n9. 検査・処置を受ける子どもへの関わり\\n10.災害時における子どもへの看護\\n11.急性期にある子どもと家族の看護\\n12.小児と家族のアセスメント演習\\n13.小児と家族のアセスメント\\n14.慢性期にある子どもと家族の看護\\n15.終末期にある子どもと家族の看護\\n16.学習の振り返り・筆記試験,筆記試験(70%)、課題1(10%)、課題2(20%)\\n・課題の評価は記載内容が妥当であるか、記載量、期限・様式を守って提出したか等により判断する\\n※総合成績に対し、1~15の達成目標が寄与する割合は同等である。,
154640,3-4,月4,東洋の知と看護,山田 理絵,3,専門教育科目 自由科目,1,杉 22講義室,1-2回:東洋医学の診断に必要な知識と看護\\n3-4回:東洋医学における看護\\n5回:事例紹介\\n6-7回:事例を基にディスカッション\\n8回:発表; まとめ,評価に対する全ての目標の寄与率は同等です。\\n各担当教員(山田100%)の課題レポートで、総合的に評価する\\n課題は、設定した課題の意図を的確に理解したうえで記述しているか、既存の意見を踏まえて、自分の意見をレポートに反映させているかを基準にします。,
154660,3-4,月3,助産概論,二川 香里,3,専門教育科目 自由科目,2,杉 22講義室,第1回 助産の概念(二川)\\n第2回 助産学における理論(二川)\\n第3回 地域における母子支援(二川)\\n第4回 ペリネイタルロス(二川)\\n第5回 助産における研究(二川)\\n第6回 助産学に関連する法規について 課題学習発表1\\n第7回 ウィメンズヘルスについて 課題学習発表2\\n第8回 周産期医療体制について 課題学習発表3\\n第9回 国内外における助産教育(齊藤)\\n第10回 更年期、性差医療(二川)\\n第11回 助産に関係する概念 リプロダクティブヘルス/ライツ(齊藤)\\n第12回 助産実践と倫理(二川)\\n第13回 開業助産師の活動(二川)\\n第14回 まとめ\\n第15回 課題発表「助産師に求められる資質・能力」,期末試験(20%) 学習態度(20%)プレゼンテーション(60%)\\n評価のフィードバックについては、期末試験後に解説し、プレゼンテーション後に教員からコメントを返す。\\n達成目標1~10において、総合成績に寄与する率は同等である。,
154140,1-2,火2,公衆衛生学,吉岡 英治,2,専門教育科目 看護基礎科学,1.0,杉 11講義室,次ページの授業計画の詳細を参照,筆記試験の結果を100%として評価する。,
154220,1-2,火3,看護管理,西谷 美幸,3,専門教育科目 看護学,1,杉 22講義室,1回 ガイダンス、科目のねらい、学習方法および計画\\n看護管理とは、看護教育とは\\n2回 看護管理とは-『看護覚え書:小管理』から読み取る自己を拡大する技術\\n3回 看護教育とは-『看護婦の訓練と病人の看護』から読み取る、看護教育の本質に基づいた教育課程・教育方法・評価\\n4~5回 看護管理の視点で、看護管理に必要な状況を考える(グループ討議)\\n6回     同上(発表、全体討議)\\n7回 看護管理の実際  医療安全、感染管理\\n8回 看護管理の実際  看護管理者に聞く,本科目の達成目標の成績への寄与率は以下の通りである\\n1. 看護・医療チームのメンバーとして求められる看護管理の本質 (30%)\\n2. 看護教育の本質 (20%)\\n3. 組織における看護専門職の役割と位置付け (10%)\\n4. 看護管理・教育が、看護・医療の質に与える影響 (10%)\\n5. 看護専門職としての目標(30%)\\n上記の達成目標について、下記の方法で評価する\\nレポート(50% 課題に対して、既存の内容を踏まえたうえで、自分の考えを述べる):目標1.2.4.5\\n参加状態(20% 発表への対応):目標1.2.3\\n発表内容(30% テーマについて概要を捉え、他者に分かりやすく伝えることができる):目標1.2.3.4,
154550,1-2,火3,地域看護方法論II,田村 須賀子,3,専門教育科目 看護学,3,杉 22講義室,1回    地域看護の特徴\\n2-5回   保健指導\\n6-7; 10-13回   家庭訪問\\n8-9回    地域組織活動\\n14-19回  健康教育\\n20-22回  大規模災害時の保健師活動\\n23回    まとめ,評価に対するすべての目標の寄与率は同等です。\\n定期試験(40%); 課題レポート(30%); 授業ごとのミニレポート(20%); WEBフォーラム参加・課題提出(10%)\\nただし優秀者が多い場合、「秀」は上位10%以内、「優」は秀を含めて30%以内とします。\\n評価についての疑問・質問を受け付け、解説する・個別面談をすることによりフィードバックします。,
154700,1-2,火5,感染看護学,吉井 美穂,3,専門教育科目 看護基礎科学,1,杉 22講義室,1回 感染看護の概念\\n2回 感染予防策と医療関連感染\\n3回 サーベイランス\\n4回 感染症パンデミックにおける看護活動1\\n5回 感染症パンデミックにおける看護活動2\\n6回 感染制御に関する技術\\n7回 施設における感染予防と感染看護実践1\\n8回 施設における感染予防と感染看護実践2,各講義回毎に達成目標に準じた内容の課題提出(30%)\\n*設定した問題の背景を説明している\\n*既存の意見を踏まえた上で、自分はどのように考えるのかを述べることができる\\n*達成目標の配分と同等\\n講義後に実施する講義回毎の確認問題(10%)\\nグループワークへの取り組み(10%)\\n期末テスト(50%),
154341,3-4,火4; 火5; 木4,成人・高齢者臨床医学,岩田 実,2,専門教育科目 看護学,4,杉 11講義室,授業の形式は30回のオムニバス方式である。各専門領域の医師が授業を担当し、重要疾患における基礎的な理解から最新の治療まで幅広く学習します。\\n代謝・内分泌、呼吸器、循環器、運動器、消化器、泌尿器、乳腺、皮膚、腎、免疫・アレルギー、骨関節、感染症、眼、耳鼻咽喉、脳神経内科、脳外科、血液、高齢者医学の領域について学びます。,試験は2回(12月と1月)行う。多者択一の形式で出題する。各回50問とし、2回の合計が60%以上を合格とする(試験100%)。成績が不良な場合には再試験を年度内に1回のみ行ます。成績評価は期末試験(100%)評価基準は上記の評価内容に対してが60%以上の評価を得ることができること。ただし成績評価は試験の素点ではなく、優秀者が多い場合、「秀」は上位10%以内、「優」は秀を含めて30%以内とする。,
154450,3-4,火3,小児臨床医学,今井 千速,2,専門教育科目 看護学,2.0,杉 11講義室,1.小児科学と小児医療(今井教授)\\n2.小児の発達と心理(宮教授・教育学部)\\n3.腎・泌尿器疾患(髙﨑助教)\\n4.新生児・低出生体重児(川﨑助教)\\n5.アレルギー性疾患(小森診療助手)\\n6.呼吸器疾患(寳田病院助教)\\n7.免疫不全・リウマチ性疾患(猪又病院助教)\\n8.消化器疾患(岡部病院助教)\\n9.内分泌・代謝異常(小澤助教)\\n10.感染症(仲岡助教)\\n11.先天異常と遺伝(田村講師)\\n12.血液疾患・悪性腫瘍(水野医員)\\n13.神経・筋疾患(田中講師)\\n14.循環器疾患(廣野客員教授)\\n15.小児救急(種市客員教授)\\n16.総合試験,目標ごとの成績への寄与率は区分しない。上記の達成目標について、総合的に下記の方法で評価する。\\n・総合試験(100%)\\nなお、講義数の3分の1以上欠席した者は総合試験の受験資格がなくなるので注意すること。,
154565,3-4,火4; 金3,ヘルスケアシステム論II,髙倉 恭子,3,専門教育科目 看護学,2,杉 22講義室,原則、対面による講義\\n授業は、非常勤講師と本学教員による。但し、以下の回(日程)において、変更が生じた際は、連絡をする。\\n1回:社会保障制度と国・地方自治体の課題(担当:非常勤講師)\\n2回:感染症対策(担当:非常勤講師)\\n3回:学祭準備(休講)※対応は、講義時に説明\\n4回:母子保健対策(担当:非常勤講師)\\n5回:医療安全(担当:看護学科教員)\\n6回:難病対策(担当:非常勤講師)\\n7回:精神疾患を有する人々の特性と生活上の課題支援(担当:医学科教員)\\n8回:地域で暮らす精神障がい、精神疾患を有する人々の社会支援(担当:非常勤講師)\\n9回:地域包括支援センターにおける生活困難者の支援(担当:非常勤講師)\\n10回:歯科(口腔)保健対策(担当:医学科教員)\\n11回:エコチル事業から捉えた子どもの健康に関する課題と対策(担当:医学科教員)\\n12回:※メディアデー\\n13回:高齢者保健福祉対策「認知症対策」(担当:看護学科教員)\\n14回:児童の社会福祉対策(担当:非常勤講師)\\n15回:学びのまとめ(担当:髙倉),・ 科目担当者が提示する課題レポート (80%)にて評価する。評価基準は「設定した課題を正しく理解した上で、参考資料等も活用し、課題に対する自分の考えを記述できる」「その記述は、理論的かつ、読み手に伝わる文章構成」とする。\\n・各授業を聴講し記述する学びのレポート (20%)にて評価する(評価基準:講義の内容について、自らの考察も交えて、意見や学んだことを述べる。また、箇条書きの羅列ではなく、学習内容を他者に伝わることも意識し、文章で記述する)。\\n・評価について、質問があれば受け付ける。,・授業で提示された事業の背景等の詳細、各制度の詳細、保健や医療の活動に携わる各専門職の役割等については、教科書等を活用し、内容の確認を積極的に行って下さい。\\n・外部講師の都合等により、授業の順番や内容変更が生じた際は、moodle又は、授業時に連絡をします。
154670,3-4,火1,助産学ゼミナール,二川 香里,3,専門教育科目 自由科目,2,杉 22講義室,1.Introduction  論文について 文献検索・情報収集の方法について(二川)\\n2.文献検索・テーマの絞り込み方法について(二川)\\n3.取り組みたいテーマ発表 担当教員決定(長谷川、二川、齊藤)\\n4-7.テーマに関連する文献の読み込み、整理、第1回発表会のプレゼンテーション準備(担当教員のもとProblem Based Learning(以下PBL)による課題学習)\\n8.第1回中間発表会・討議\\n9-14.テーマに関連する文献検討 第2回発表会(中間発表)のためのプレゼンテーション準備\\n15.最終発表会と全体討議,本科目は、すべての達成目標について、下記の配点で評価する。\\n・PBL参加度(50%)\\n・プレゼンテーション内容(50%)\\nプレゼンテーション内容の評価基準\\n・課題(テーマ)に沿った内容であったか\\n・課題についてのエビデンスが正確に述べられていたか\\n・課題、文献検討の結果、考察に一貫性があったか\\n・分かり易い表現・図表であったか\\n・話す速度、大きさは適切であったか,
154710,3-4,火4,看護研究入門,比嘉 勇人,3,専門教育科目 探究科目,1.0,杉 22講義室,【授業の形式】\\n講義および演習\\n1.看護研究の目的と意義; 看護研究の論文構成\\n2.看護の研究の種類と研究デザイン\\n3.文献検索\\n4.研究のプロセスと倫理的配慮1\\n5.研究のプロセスと倫理的配慮2\\n6.研究計画の進め方\\n7.「研究計画書」「研究倫理受講修了書」の作成・提出\\n8.まとめ,目標毎の成績への寄与率は区分しない。\\n「研究計画書」および「研究倫理受講修了証書」の提出(50%); 定期試験(50%;解説有),
154200,1-2,水2,看護方法論III,西谷 美幸,2,専門教育科目 看護学,2,杉 11講義室,第1回   看護過程とは\\n第2回   看護理論と看護過程\\n第3-5回  看護のための方法論\\n第6-8回    看護過程展開モデル\\n第9-12回   看護過程展開の実際(模擬患者事例1.2)\\n第13-14回 「看護診断」\\n第15回     看護過程展開の実際(模擬患者事例3),本科目の達成目標の成績への寄与率は以下の通りである\\n1. 看護実践と看護過程展開 (10%)\\n2. 事実をアセスメントできるための人間の生活一般   (20%)\\n3. 看護過程を展開するための方法論  (10%)\\n4. 看護過程の方法論にもとづき、看護過程を展開  (40%)\\n5. 看護診断の定義と主要概念  (10%)\\n6. 看護診断過程 (10%)\\n上記の達成目標について、下記の方法で評価する\\n期末試験(50%) : 目標2.3.4\\n課題への取り組み状況(20% 記録提出および発表での応答) : 目標1~6\\nレポート(30% 既習の内容を十分に活用し、自分の考えを加味して説明していること)  : 目標1~6\\nなお、評価のフィードバックについては、「基礎看護学実習」の事前オリエンテーション期間に解説および質問等を受ける,
154350,1-2,水1,成人看護論I,山田 理絵,3,専門教育科目 看護学,2,杉 22講義室,授業の形式:講義と演習\\n第1回:慢性の病いをもつ生活者の看護\\n第2回:慢性期看護で用いられる理論\\n第3-7回:成人期に生じやすい健康障害\\n第8-9回:慢性の病いをもつ生活者の看護援助の検討\\n第10-11回:慢性の病いをもつ生活者の治療\\n第12回:慢性の病いをもつ生活者を支える高度実践看護\\n第13-15回:慢性の病いをもつ生活者の地域医療と看護師の役割,評価に対する全ての目標の寄与率は同等です\\n1.慢性の病いをもつ事例のレポート課題15%\\n2.「漢方治療と看護」「地域医療における看護師の役割」の2つのテーマについて; 各々600字のレポート課題15%\\n3.慢性の病いをもつ生活者の疾患・治療に関する確認問題の課題70%\\n評価は; 1慢性の病いをもつ生活者を全人的に捉え説明できる; 2慢性の病いをもつ生活者の地域医療を説明できる; という基準で行います。\\n課題提出期限:レポート1は6月30日13時; レポート2は8月7日13時\\nレポート1・2:A4 1枚に表紙をつけ; ホッチキス(左上)で留める。表紙にはタイトル; 学籍番号; 氏名を記載する。提出期日を過ぎた課題は; 受け取ることができません。提出場所:前田先生の研究室ボックス(看護学科棟5階),評価のフィードバックは; 疑問・質問を受け付け; 個別面談を行う。
154490,1-2,水3,母性臨床医学,長谷川 ともみ,2,専門教育科目 看護学,2.0,杉 11講義室,第1回  Introduction、女性生殖器の形態・機能(長谷川ともみ)\\n第2回  家族計画(山﨑悠紀)\\n第3回  遺伝相談(米田徳子)\\n第4回  生殖(伊東雅美)\\n第5回  性感染症(長谷川ともみ)\\n第6回 性周期、妊娠の成立、正常な妊娠経過(古田惇)\\n第7回  妊娠期におけるリスクとその対応(生水貫人)\\n第8・9回 正常分娩の機序(二川香里)\\n第10回 分娩期産褥期におけるリスクとその対応(津田さやか)\\n第11回 正常な新生児の胎外生活への適応(齊藤佳余子)\\n第12回 新生児期におけるリスクとその対応(米田哲)\\n第13・14回 CTGモニタリング(齊藤佳余子)\\n第15回   まとめ(長谷川ともみ),期末筆記試験(100%)\\n評価のフィードバックとして、試験後に解説する。\\n成績評価には、全ての達成目標(10項目)が同等に寄与します。,
154605,1-2,水2,老年看護学総論,中堀 伸枝,3,専門教育科目 看護学,2.0,杉 22講義室,第1; 2; 7; 8回(講義)  高齢期を生きる1~4\\n第3; 4; 5; 6; 9回(講義・演習) 高齢社会の課題1~5\\n第10; 11回 (講義)老年看護の理念と実践1~2\\n第12; 13回(講義)認知機能障害を持つ高齢者への看護1~2\\n第14回 (講義) 治療を受ける高齢者への看護\\n第15回  (講義)終末期看護,達成目標の成績への寄与率は同等とする。\\nアクティブラーニングに対して評価コメントを行う。期末試験後解説を行う。期末試験100%\\n第1; 2; 7; 8回(講義)  高齢期を生きる1~4(25%)\\n第3; 4; 5; 6; 9回(講義・演習) 高齢社会の課題1~5(30%)\\n第10; 11回 (講義)老年看護の理念と実践(10%)\\n第12; 13回(講義)認知機能障害を持つ高齢者への看護1~2(15%)\\n第14回  治療を受ける高齢者への看護(10%)\\n第15回  終末期看護(10%),
154620,3-4,水2,老年看護論,中堀 伸枝,3,専門教育科目 看護学,3,杉 22講義室,講義と演習を行う。\\n第1; 2回(講義・演習):事例展開1; 2:事例紹介、総合的機能評価、情報収集、情報の分類、アセスメント(病院)\\n第3; 4回(講義・演習):事例展開3; 4 :統合・看護課題の抽出方法; \\n第5; 6回(講義):生活機能を整える看護1; 2\\n第7回(講義・演習):事例展開5:アセスメント作成(老健)\\n第8回(講義):生活機能を整える看護3\\n第9; 10回(講義・演習):事例展開6; 7:アセスメント作成(老健)\\n第11回(講義):生活機能を整える看護4\\n第12; 13回(講義・演習):事例展開8; 9:アセスメント作成(グループワーク)\\n第14回(演習):事例展開10:アセスメント作成(グループワーク)\\n第15; 16回(演習):事例展開11; 12:アセスメント発表\\n第17回(講義):疾患をもつ高齢者の看護1\\n第18回(講義・演習):事例展開13:看護計画/ケアプラン作成(グループワーク)\\n第19回(演習):事例展開14:看護計画/ケアプラン作成(グループワーク)\\n第20; 21回(演習):事例展開15; 16:看護計画/ケアプラン発表\\n第22回(講義):疾患をもつ高齢者の看護2\\n第23回(講義):高齢者のリスクマネジメント,達成目標の成績への寄与率は同等である。\\n期末試験(50点)とレポート(50点)で評価する。\\n第5; 6回(講義):生活機能を整える看護1-2:期末試験15点\\n第8; 11回(講義):生活機能を整える看護3-4:期末試験15点\\n第17; 22回(講義):疾患をもつ高齢者の看護1; 2:期末試験15点\\n第23回(講義):高齢者のリスクマネジメント:期末試験5点\\n第6回(演習)オムツ体験:レポート10点\\n第7; 12回(講義・演習)事例展開:レポート40点(指定した用紙に必要な内容が記入されていること)\\n事例展開の個別レポートは、添削指導を行い返却する。必要に応じて個別面談にて指導する。\\nグループ発表では、グループ間の質疑応答後に教員から良い点と修正が必要な点を指摘する。,
154100,1-2,木3,薬理学,中川 崇,2,専門教育科目 看護基礎科学,2,杉 11講義室,[授業の形式]\\n講義は; 教官が独自に作製した参考資料を用い; 板書あるいはプロジェクターを使って行う。\\n[スケジュール]\\n授業計画詳細に示したように、全15回に渡って授業を行う。,筆記試験(70%)、小テスト・レポート(30%)で総合的に判断する。\\n薬理学; 薬物動態学の理解、ならびに看護活動における薬物を投与した際の管理や観察における基本的な知識と姿勢が習得できていることを要件とする。\\n評価者(評価作成者):「担当教員」に記載の教員,
154110,1-2,木5,疾病学,岩田 実,2,専門教育科目 看護基礎科学,2,杉 11講義室,(1)授業は(医療学2回、2病態学総論5回、2疾病学各論(循環器、感覚器、泌尿器)7回 4病理学総論1回)で構成される。この授業では様々な病気をメカニズムに分けて理解する。また外傷のメカニズムや合併症についても理解する。\\n(2)試験:期末試験を行うが、不合格の者に対して再試験1回のみを行う。,成績評価は期末試験(100%)評価基準は上記の評価内容に対してが60%以上の評価を得ることができること。ただし成績評価は試験の素点ではなく、優秀者が多い場合、「秀」は上位10%以内、「優」は秀を含めて30%以内とする。,・疾病に関する講義では疾患の病態を単に暗記するのではなく、1年次に学習した形態機能学と結びつけて、その相互関係を考えることで学びを深めることが重要である。。
154155,1-2,木4,行動科学,堀 悦郎,2,専門教育科目 看護基礎科学,2,杉 11講義室,講義形式で、プリント、板書、PowerPointなどを用いて行う。,学期末に筆記試験を行って評価する。\\n成績評価には; 全ての達成目標(10項目)が同等に寄与する。\\n評価のフィードバックは、質問に応じて解説を行う。\\n試験問題開示や解答公開:「無」\\n本科目では過去問題を利用した学修を推奨していないため。,
154370,1-2,木3,成人看護論II,茂野 敬,3,専門教育科目 看護学,2.0,杉 22講義室,・第1・2回:周手術期看護の特徴・手術前の看護(講義・演習)\\n・第3・4回:手術中の看護(講義)\\n・第5~8回:手術後の看護(講義・演習)\\n・第9回:放射線治療の看護\\n・第10・11回:脳・神経機能に障害を有する人のアセスメントと看護\\n・第12・13回:廃用症候群の看護 褥瘡・拘縮予防と創傷治癒過程\\n・第14・15回:排泄機能に障害のある人のアセスメントと看護,試験(80%); 課題レポート(20%)\\n・試験範囲は、第1回(手術前の看護1)~第13回(廃用症候群の看護)までとし、第14・15回(排泄機能に障害のある人のアセスメントと看護)は、成人看護論IIIの試験範囲とする。\\n・課題レポートの評価は、記載内容が適切であるか、提出期限・様式を守って提出したかにより判断する。\\n・ただし優秀者が多い場合、「秀」は上位10%以内、「優」は秀を含めて30%以内とする。\\n成績評価には全ての達成目標が同等に寄与する。\\n評価のフィードバックについて、\\n・解説する\\n・疑問・質問を受け付ける\\n・個別面談をする,
154540,1-2,木2,地域看護方法論I,田村 須賀子,3,専門教育科目 看護学,3,杉 22講義室,◇授業の形式:講義と演習\\n◇スケージュール\\n1-4回:【講義・演習1・2】地区活動と地区視診(田村)\\n5回:【講義】保健事業の事業化・施策化(田村)\\n6-7回:【講義】行政看護領域における看護管理機能(田村)\\n8-10回:【講義】地域看護活動の理論・方法(鈴木)\\n11-16回:【演習3】地域看護アセスメント(城・鈴木・他)\\n17-19回:【演習4】地域看護計画(石井・鈴木・他)\\n20-22回:【演習5】地域看護活動と評価(石井・鈴木・他)\\n23回:【講義】地域看護活動の展開方法のまとめ(鈴木),評価に対するすべての目標の寄与率は同等です。\\n課題レポート(50%); 授業ごとのミニレポート(50%)\\n評価についての疑問・質問を受け付け、解説する・個別面談をすることによりフィードバックします。,
154560,1-2,木1,ヘルスケアシステム論I,鈴木 悟子,3,専門教育科目 看護学,2,杉 22講義室,原則、対面による講義\\n1-7回:社会保障制度の理念と衛生行政活動の概況(担当:田村)\\n8-9回:成人・高齢者保健福祉対策と保健師活動(担当:鈴木)\\n10回:難病と保健師活動(担当:城・鈴木)\\n11回:結核・感染症対策と保健師活動(担当:鈴木)\\n12-13回:精神保健福祉対策(担当:石井・鈴木)\\n14-15回:保健医療分野における国際協力と看護職の役割(担当:非常勤講師・鈴木),評価に対するすべての達成目標の寄与率は同等です。\\n第1回目から15回目までの評価のうち定期試験(60%); 課題レポート(10%); 授業ごとのミニレポート(30%)\\nただし優秀者が多い場合、「秀」は上位10%以内、「優」は秀を含めて30%以内とします。\\n課題レポート、ミニレポートは、提出期限を守り、授業で得た知識だけではなく知識を基に考えたことが適切に記述されていることを求めます。\\n評価のフィードバックとして、疑問・質問を受け付けます。,
154080,3-4,木1; 木2,形態機能学,岩田 実,1,専門教育科目 看護基礎科学,4,五福共C11番教室,講義は教科書を基本として、オムニバス方式で行う。またスライド、配布プリント(Moodleでの資料)などを適宜用いる。\\n1)1時間目は看護学科用の講義である。\\n2)2時間目は看護学科および人文学部臨床心理コースの合同講義となる。\\n教科書に沿った内容で講義を実施する\\n解剖生理学のための基礎知識、栄養の消化と吸収、呼吸と血液のはたらき、血液の循環とその調節、体液の調節と尿の生成、内臓機能の調節、身体の支持と運動、情報の受容と処理、身体機能の防御と適応、生殖・発生と老化のしくみ体表からみた人体の構造、について網羅的に講義を行う。,成績評価は期末試験(100%)評価基準は上記の評価内容に対してが60%以上の評価を得ることができること。ただし成績評価は試験の素点ではなく、成績優秀者が多い場合、「秀」は上位10%以内、「優」は秀を含めて30%以内とする。\\n定期テストにおいて成績が不良な場合には学年末に再試験(1回のみ)を課す。,看護学科においては、1年次の形態機能学の成績について、3年次に行われる「形態機能学演習」の選抜試験において利用することがある。
154170,3-4,木3,看護対象論,西谷 美幸,1,専門教育科目 看護学,1,五福共D22番教室,第1回  看護における人間とは\\n第2回  人間の生活一般論\\n第3回  健康の法則に則った生活\\n第4回  ライフサイクルの特徴\\n第5回  人間と健康・健康障害\\n第6回    健康障害の考え方(1)「頭部・胸部」\\n第7回     健康障害の考え方(2)「消化器・内部環境」\\n第8回   健康障害の考え方(3)「上肢・下肢・生殖器」,本科目の達成目標の成績への寄与率は以下の通りである\\n1. 看護の対象を環境との相互作用の中で統一体として捉える (10%)\\n2.  健康な人間の生活  (20%)\\n3. 人間発達の側面からの人間理解  (20%)\\n4. 健康な生活を導く法則  (20%)\\n5.  健康障害を人間及び人間の生活に及ぼす影響として捉える (30%)\\n上記の達成目標について、下記の方法で評価する\\n試験(50%):目標3.4.5\\n課題への取り組み状況(20% 課題の提出、発表での対応):目標1~5\\nレポート(30% 設定した課題を調べ、根拠を使って説明できる):目標1~5\\nなお、評価のフィードバックについては、質問等を受け付け、「看護方法論III」で随時補う,
154330,3-4,木2,成人看護学総論,茂野 敬,2,専門教育科目 看護学,2.0,杉 11講義室,講義\\n1.授業全体の関する説明。成人期の特徴について説明する。\\n2.成人期の理解について概説する。\\n3.成人への基本アプローチについて概説する。\\n4.成人を取り巻く環境と生活から見た健康について概説する。\\n5-6.健康生活の急激な破綻について概説する。\\n7.慢性病患者の再調整の看護について概説する。\\n8-9.終末期を支える看護について概説する。\\n10-11.リハビリテーション看護について概説する。\\n12-15. ヘルスアセスメントについて概説する。,評価に対する全ての目標の寄与率は同等です。\\n期末試験(80%) 課題レポート(20%)\\n・課題レポートの評価は、記載内容が適切であるか、提出期限・様式を守って\\n提出したかにより評価する。\\n・ただし優秀者が多い場合、「秀」は上位10%以内、「優」は秀を含めて30%以内とする。\\n*評価のフィードバックについて、\\n解説する\\n疑問・質問を受け付ける\\n個別面談をする,
154341,3-4,火4; 火5; 木4,成人・高齢者臨床医学,岩田 実,2,専門教育科目 看護学,4,杉 11講義室,授業の形式は30回のオムニバス方式である。各専門領域の医師が授業を担当し、重要疾患における基礎的な理解から最新の治療まで幅広く学習します。\\n代謝・内分泌、呼吸器、循環器、運動器、消化器、泌尿器、乳腺、皮膚、腎、免疫・アレルギー、骨関節、感染症、眼、耳鼻咽喉、脳神経内科、脳外科、血液、高齢者医学の領域について学びます。,試験は2回(12月と1月)行う。多者択一の形式で出題する。各回50問とし、2回の合計が60%以上を合格とする(試験100%)。成績が不良な場合には再試験を年度内に1回のみ行ます。成績評価は期末試験(100%)評価基準は上記の評価内容に対してが60%以上の評価を得ることができること。ただし成績評価は試験の素点ではなく、優秀者が多い場合、「秀」は上位10%以内、「優」は秀を含めて30%以内とする。,
154380,3-4,木4,成人看護論III,茂野 敬,3,専門教育科目 看護学,2.0,杉 22講義室,・第1回:泌尿器障害のある人の看護\\n・第2・3回:消化吸収機能に障害のある人のアセスメントと看護1.2\\n・第4・5回:循環機能に障害のある人のアセスメントと看護1.2\\n・第6回:呼吸機能に障害のある人のアセスメントと看護\\n・第7回:消化吸収機能に障害のある人のアセスメントと看護3\\n・第8回:運動機能障害のある人の看護\\n・第9回:定期試験(成人看護論II 第14回・15回 + 成人看護論III 第1回~8回の内容)\\n・第10回:周手術期の患者の看護 (講義・演習オリエンテーション)\\n・第11~14回:周手術期の患者の看護 (事例を用いたグループワーク)\\n・第14~15回:周手術期の患者の看護 (課題の発表と討議),1.試験80% 2.課題レポート・演習発表20% により総合的に判断する\\n・試験範囲は、成人看護論IIの第14回・15回(排泄機能に障害のある人のアセスメントと看護)+ 成人看護論IIIの第1回(泌尿器障害のある人の看護)~第8回(運動機能障害のある人の看護)とする。\\n・課題レポートの評価は、記載内容が適切であるか、提出期限・様式を守って提出したかにより判断する。\\n・ただし優秀者が多い場合、「秀」は上位10%以内、「優」は秀を含めて30%以内とする。\\n・すべての達成目標に対する評価の寄与率は同等である。\\n*評価のフィードバックについて、\\n解説する\\n疑問・質問を受け付ける\\n個別面談をする,授業内容に応じて、課題レポートの提出を求める
154410,3-4,木3,精神看護学総論,比嘉 勇人,2,専門教育科目 看護学,2.0,杉 11講義室,【授業の形式】\\n講義\\n1.「精神」の基本的な考え方\\n2.人間のこころと行動\\n3.パーソナリティの発達\\n4.人生各期の発達課題:ライフサイクルとメンタルヘルス\\n5.ストレスマネジメントと精神科における看護師の役割\\n6.災害時地域精神保健医療活動\\n7.まとめ\\n8.看護倫理と人権擁護・精神医療の歴史と法律\\n9.嗜癖と依存\\n10.物質関連障害\\n11.精神科看護における対象の理解\\n12.精神科看護におけるケアの方法\\n13.精神保健活動とリハビリテーション\\n14.臨地実習から学ぶ\\n15.まとめ,「山田担当の課題の得点」および「比嘉担当の試験の得点」を総合(100%換算)して評価する。\\n■山田担当の課題では、記述式で達成目標に対応した自分の考えを問う(授業中に資料・小テストを使い解説有)。課題の成績が60点未満の場合は、再提出を指示する。\\n■比嘉担当の試験では、選択式や穴埋式で達成目標に対応した関連用語について問う(授業中に資料・小テストを使い解説有)。試験の成績が60点未満の場合は、再試験を実施する。\\n目標毎の成績への寄与率は区分しない。,
154580,3-4,木3,在宅看護論,髙倉 恭子,3,専門教育科目 看護学,2,杉 22講義室,・授業の形式:講義; 個人演習\\n・授業のスケジュール等:\\n1.在宅看護の定義と社会的背景(1回)\\n2.在宅看護の対象の特性(2-3回)\\n3.訪問看護と介護保険制度(4-6回)\\n4.在宅看護を支える活動(7-11回; 外部講師)\\n5.在宅看護支えるケアシステム(12-13回)\\n6.訪問看護利用の実際(14回)\\n7.在宅看護の看護過程の実際(15回)\\n※詳細は授業計画詳細を参照.\\n※スケジュールや内容等の変更が生じた際は; 連絡する.,・達成目標は; 評価において全て同等に寄与することとする.\\n・演習(看護計画作成等 35%); 授業(外部講師)の学びのレポート(15%); 課題レポート(50%)により総合的に評価する.\\n・課題レポートは; 設定した課題の的確な理解と内容の充実; 考察力と記述力(他者に伝わる文章や論理的展開)が必要で、相対評価による.\\n・評価について質問があれば受け付ける.,・指定の教科書は; 最新版を使用する.\\n・授業の際には; 教科書を毎回持参する.\\n・授業で配布された資料は、各自で保存する.\\n・授業は; 教科書や配布資料等を中心に進めていく.但し; 授業時間は限られているため; 授業中に提示した教科書等の該当範囲を自ら読み; 学習する.\\n・授業の理解状況確認のため; 演習を追加する.演習においても積極的に参加する.
154040,1-2,金2,医療学入門,高村 昭輝,1,専門教育科目 看護基礎科学,1,五福共C21番教室; その他,2つのユニットに分けて実施する。*外部講師および施設の都合により日程の移動変更あり\\n講義、グループ討論と全体討議、演習または実習を組み合わせる。\\n医療関係者および講師の講演を聴き、与えられた課題についてレポートを提出する。\\nユニット4 医療と社会\\n医療と社会(外部講師)、講義\\n医療と社会、薬害と社会(外部講師)、講義、全体討論\\n医療と社会(外部講師)、講義\\n医療と社会(外部講師)、講義、全体討論\\nユニット5\\n早期介護体験実習オリエンテーション\\n早期介護体験実習(学外施設)\\n実習後\\n早期介護体験実習事後グループワーク、発表、プレゼンテーション,(全体)100%\\n全体で3分の2以上出席している者、心肺蘇生講習の授業修了者を評価する。\\n各ユニットは各ユニット毎に3分の2以上出席している者を評価する。\\nレポートによる評価を総合的に評価する。\\n5ユニットの評価点を合計して評価する。\\n定められた期限までに課題・レポートの提出を行わない場合には単位を付与しません。正当な理由なく、実習前オリエンテーション、実習、実習後グループワークと発表の授業を欠席した場合には単位を付与しません。\\n評価者(評価作成者):担当教員に記載の教員\\n(ユニット4)20%\\nレポートによる評価。レポートは課題に対して; 自分はどのように考えるのかを述べることができることを基準に判断する\\n(ユニット5)20%\\n1.	実習発表の実施\\n2.	実習報告書の作成と提出\\n受入施設の指導員による実習学生の行動、意識、態度からの個別評価を行う。,学習方法は、医学部(医学科; 看護学科)薬学部(薬学科、創薬科学科)とともにPBL; SGDを取り入れ、介護体験実習の報告としてグループでプレゼンテーションする。
154060,1-2,金4; 金5,和漢医薬学入門,中川 嘉,2,専門教育科目 看護基礎科学,1,杉 大講義室; 杉 101講義室; 杉 102講義室; 杉 各実験室,1; 2; 3; 4; 5; 6; 7; 8; 9; 15回目は講義(大講義室)\\n10; 11; 12; 13; 14回目は実習(実習のグループ分けおよび実習時の集合場所は1回目講義の際に知らせます)\\n講義1:現代医療における漢方医学の役割(イントロダクション)\\n現代医療における漢方医学の役割について学ぶ(和漢医薬学入門の概要を説明する)。(担当:貝沼茂三郎・(中川 嘉))\\n講義2:人を診る・漢方診断学\\n漢方医学総論:漢方医学と西洋医学の病理観、診断法、治療法の相違を比較し、漢方医学の診療の仕方を学ぶ。(担当:)\\n講義3:漢方薬の病院調剤と副作用情報\\n漢方薬の調剤方法と服薬指導の際の注意点について学ぶ。漢方薬および構成生薬による副作用と、西洋薬との相互作用について学ぶ。(担当:加藤敦)\\n講義4:漢方医学と看護\\n漢方薬治療を受ける対象者の自然治癒力を高める看護援助について学ぶ。(担当:山田理絵)\\n講義5:和漢薬からの創薬研究\\n和漢薬研究から新しい薬物を開発する研究の方法論を学ぶ。(担当:東田千尋)\\n講義6:脂肪の消化・吸収を制御する和漢薬\\n和漢薬が脂肪の消化・吸収を制御する実例を、それを評価する方法の紹介をとおして学ぶ。(担当:渡辺志朗)\\n講義7:漢方を科学する\\n漢方薬の有効性を科学的に解明する方法論について学ぶ。(担当:早川芳弘)\\n講義8:東西薬学の融合:漢方薬の薬理作用の解析\\n漢方方剤と配合生薬の薬理作用を学び、方剤の成り立ちを考える。(担当:小泉桂一)\\n講義9:薬用資源植物のバイオテクノロジー\\n植物バイオテクノロジーの方法論とその薬用資源植物への応用について学ぶ。(担当:庄司翼)\\n講義10:和漢薬とデータ\\n和漢薬を題材に、データの収集、処理、可視化、解釈について学ぶ。(担当:奥牧人)\\n実習(1―8)\\n1	漢方医学診断\\n漢方医学の四診(望、聞、問、切)と、問診表の読み取り方を体験する。(担当:貝沼茂三郎、藤本誠)\\n2医薬品の供給資源としての薬用植物\\n生薬を含む医薬品の供給資源として重要な薬用植物について薬用植物園で実物を観察し、薬用部位、薬効および用途などの特徴を学ぶ。(担当:李貞範、山村良美)\\n3漢方薬の観察と鑑別\\n民族薬物資料館にて和漢薬と世界の伝統薬物の標本を観察する。代表的な漢方方剤に配合される生薬の形態、香りなどによる鑑別法を学ぶ。(担当:萬瀬貴昭、条美智子)\\n4漢方煎剤の調製と生薬成分分析\\n漢方煎液を調製し、配合生薬の指標成分を分析し確認する。(担当:森田洋行、中嶋優)\\n5和漢薬の抗炎症作用\\n培養細胞と発光イメージング系を用いて和漢薬の抗炎症作用について評価する。(担当:早川芳弘、薄田健史、佐々木宗一郎)\\n6実習6 薬用植物の遺伝子解析\\n薬用植物を材料に代謝成分生合成に関わる遺伝子を検出する方法を学ぶ。(担当:庄司翼・澤井学)\\n7栄養代謝調節に対する和漢薬の作用解析\\n和漢薬の栄養代謝に係る生理作用に対する機能の評価方法を学ぶ。(担当:中川嘉、金俊達、荒木雅弥)\\n8漢方薬と生体応答\\n漢方薬による生体応答、特に免疫などに及ぼす影響を、in vitro 実験により評価する。(担当:小泉桂一、赤木一考、奥牧人),各講義ごとのレポート(50%)、各体験実習ごとのレポート(50%)\\nいずれのレポートでも、各達成目標に沿って、「理解事項、疑問事項、コメントがしっかりまとめられている」ことを成績評価基準とする。,
154120,1-2,金3,微生物学,吉井 美穂,2,専門教育科目 看護基礎科学,2.0,杉 11講義室,第1-3回 感染症と感染対策\\n第4-5回 免疫\\n第 6回 微生物学総論\\n第8-9回 グループワーク\\n第10-11回 細菌学実習\\n第7;  11-15回   微生物学各論、プレゼンテーション及びまとめ,期末試験の点数(90%)\\n演習による学びのレポート(5%)\\nグループワークへの取り組み姿勢(5%),
154160,1-2,金3,看護学原論,西谷 美幸,1,専門教育科目 看護学,2,五福共D22番教室,(授業の形式)\\n講義、グループワーク、演習等を活用して行う。\\n(スケジュール)\\n第1週   導入、看護学とは\\n第2週   看護のはたらきについて\\n第3.4.5週 「看護覚え書」看護の概念\\n第6.7週     「科学的看護論」の目的論\\n第8.9週   「科学的看護論」の対象論\\n第10.11週    「科学的看護」の方法論\\n第12週   看護理論のとらえ方1\\n第13週     看護理論のとらえ方2\\n第14週     看護理論のとらえ方3\\n第15週     看護理論と看護実践・看護研究,本科目の達成目標の成績への寄与率は以下の通りである\\n1. 看護の概念と看護学の成立(30%)\\n2. 看護の歴史的変遷に照らした看護理論の成立(15%)\\n3. 理論構築のプロセス(20%)\\n4. 看護理論の意味と構成要素(20%)\\n5. 代表的な看護理論の特徴と課題(15%)\\n上記の達成目標について、下記の方法で評価する\\n試験(50%):目標1.4\\n課題への取り組み状況(20% 課題の提出、発表での対応):目標2.4.5\\nレポート(30% 設定した課題の概観を説明し、自分の意見を述べることができる):目標1~5\\nなお、評価のフィードバックについては、後期授業の「看護対象論」の中で解説し、「看護方法論I~III」を通じて授業の中で随時補う,
154430,1-2,金3,精神看護論,比嘉 勇人,3,専門教育科目 看護学,2,杉 22講義室,【授業の形式】\\n講義および演習\\n1.精神疾患と精神症状\\n2.アルツハイマー型認知症と看護(1)\\n3.アルツハイマー型認知症と看護(2)\\n4.アルコール依存症と看護(1)\\n5.アルコール依存症と看護(2)\\n6.統合失調症(急性期)と看護(1)\\n7.統合失調症(急性期)と看護(2)\\n8.統合失調症(慢性期)と看護(1)\\n9.統合失調症(慢性期)と看護(2)\\n10. 双極性感情障害[躁うつ病](1)\\n11. 双極性感情障害[躁うつ病](2)\\n12. うつ病と看護(1)\\n13. うつ病と看護(2)\\n14. パニック障害(1)\\n15. パニック障害(2),「授業の各回で提示する課題・小テスト(50%)」および「定期試験(50%)」で総合評価する。\\n◆課題:達成目標に対応した自分の考えを記述式で問う(解説有)\\n◆小テスト:重要事項について穴埋式・選択式で問う(解説有)\\n(目標毎の成績への寄与率は区分しない),
154470,1-2,金1; 金2,小児看護論,桶本 千史,3,専門教育科目 看護学,3.0,杉 22講義室,1. 疾患・障害のある子どもと家族に対する看護\\n2; 10. 疾患・障害のある子どもへの基本的看護援助技術\\n3. 先天性心疾患・手術を受ける子どもと家族の看護\\n4-6; 8. 小児看護における看護過程の展開(情報収集から看護課題)\\n7.  アレルギー疾患の子どもと家族の看護\\n9. 先天性疾患をもつ子どもと家族の看護\\n11. 小児看護における看護過程の展開:看護過程展開の評価・解説\\n12.神経疾患のある子どもと家族の看護\\n13.発達障害のある子どもと家族の看護\\n14.小児がんの子どもと家族の看護\\n15.小児がんの子どもと検査・処置\\n事例に基づく看護過程展開(情報収集から計画立案まで)の説明\\n16; 18; 20; 21.小児看護における看護過程の展開(情報収集から看護計画立案)\\n17. 疾患・障害のある子どもへの基本的看護援助技術の解説\\n19.NICUにおける看護の実際\\n22. 学習のまとめ:筆記試験\\n23. 学習のまとめ:看護過程用紙の評価解説、試験の返却と解説,筆記試験(50%)、課題:看護過程(40%)、課題:援助技術演習(10%)\\n課題に対する評価は、指定の記載様式が守られているか、記載内容量が十分であるか(既定の様式の8割を満たす)、記載内容が妥当であるかに基づき判定する。\\n※総合成績に対し、各達成目標は同等に寄与する。,
154500,1-2,金2,母性看護学総論,長谷川 ともみ,2,専門教育科目 看護学,2,杉 11講義室,1. Introduction 、\\n2. 母性看護学の基盤となる概念-母性・父性\\n3. 母子保健統計と社会資源\\n4. 家族発達モデルと家族機能\\n5. 国際化の中での母性看護学の役割\\n7. ライフサイクルにおける思春期の課題、性感染症の現状と予防セクシュアリティの発達と多様性\\n8. ライフサイクルにおける成人期の課題\\n9. Reproductive Health/ Rightsの課題性、生殖の倫理と課題\\n10.  ライフサイクルにおける更年期・老年期の課題\\n11. Wellness看護診断 プレコンセプションケア\\n12.-19.アクティブラーニングによるグループ発表(母子保健統計結果を読み取り、本邦の母子保健施策の意義を発表または、想定する出産方法等について発表),小テスト(10%)、課題レポート(60%); プレゼンテーション(30%)\\n成績評価には、全ての達成目標(12項目)が同等に寄与します。,
154070,3-4,金4,生命倫理学,宮島 光志,3,専門教育科目 看護基礎科学,1,,オンデマンド配信の講義を主としますが、各種のWeb動画を用いた自修(多種多様なケーススタディ)にも取り組んでもらいます。\\n1.[導 入]professionalismとintegrity\\n2.[歴史1]倫理思想と人権思想の歩み\\n3.[歴史2]生命倫理と研究倫理の歩み\\n4.[体系1]生命倫理の4原則と15原則\\n5.[体系2]各種規範文書の構成と特色\\n6.[事例1]生命の誕生と心身の統合性\\n7.[事例2]人生の終焉と生涯の物語り\\n8.[総 括]定期試験+生命倫理とSDGs,受講(オンデマンド視聴)確認の「ふり返り」コメント全7回(20%;受講から1週間以内にMoodleで提出)と定期試験(80%;英文に関する出題も含む)により、総合的に評価します。\\n成績評価の具体的な基準は、上記の「達成目標」にどのくらい到達できているか、主要な「キーワード」を正確に理解できているかなどです。,
154130,3-4,金5,社会福祉学,西谷 美幸,2,専門教育科目 看護基礎科学,1,杉 11講義室,教科書に沿って講義し、配布資料なども活用する。\\n1-2週    社会福祉の歴史\\n3-5週    社会保障制度と社会福祉\\n6-9週    医療保障・介護保障・所得保障\\n10-13週  社会福祉の分野とサービス\\n14-15週  社会福祉実践と医療・看護\\n16週     まとめ・期末試験,中間試験50%+期末試験50%,
154150,3-4,金3; 金4,疫学,関根 道和,3,専門教育科目 看護基礎科学,1,杉 大講義室,講義および演習形式。\\n第1回から8回まで。授業計画詳細を参照のこと。,授業内レポート 0-10%\\n<評価基準>各授業内容を正しく理解しているか\\n筆記試験 90-100%\\n不合格者に対する再評価(再試験)は原則1回\\n評価者(評価作成者):「担当教員」に記載の教員\\n試験問題開示や解答公開の有無:無\\n理由:本科目では過去問題を利用した学修を推奨していないため,講義の順番は、教員の出張等の関係で変更になる可能性があります。\\n水平統合(社会医学実習および富山医療学)
154180,3-4,金1; 金2; 金3; 金4; 金5,看護方法論I,西谷 美幸,1,専門教育科目 看護学,3,杉 看護実習室; 五福共D22番教室,講義、グループワークおよび、演習\\nスケジュール\\n第1-2回   看護技術とは\\n第3-7回   観察の技術\\n第8-9回     記録報告・安全・安楽の技術\\n第10-13回  コミュニケーションの技術\\n第14-18回  環境をととのえる技術\\n第19-26回  運動と休息への援助技術\\n第27-30回  応用技術\\n集中              既修得した看護技術の学生間相互評価\\n集中と個別試験    実技試験,・目標毎の成績への寄与率は、区分しない\\n・上記の達成目標について、下記の方法で評価する\\n課題への取り組み状況(50% 課題提出、グループ活動の状況):目標1~15\\n実技試験(30% 課題について看護実践としての実施を評価する):目標1~10、13\\nレポート(20% 看護技術の根拠を調べ考えられていること、自分の看護実践を振り返ることができていること):目標1~15\\nなお、評価のフィードバックについては、記録用紙での助言、個別に質問を受ける、実技試験での個別指導等で行う,
154385,3-4,金2,成人看護論IV,山田 理絵,3,専門教育科目 看護学,2,杉 22講義室,授業の形式:講義と演習\\n第1・2回:慢性の病いをもつ生活者の看護\\n第3・4回:慢性の病いをもつ生活者を支える看護理論\\n第5-7回:慢性の病いをもつ生活者の薬物治療\\n第8-14回:慢性の病いをもつ生活者の看護過程の展開\\n第15回:慢性の病いをもつ生活者への教育・コーチング,評価に対する全ての目標の寄与率は同等です\\n慢性の病いをもつ事例のレポートおよび看護過程の展開の課題30%\\n評価基準は、慢性の病いをもつ生活者の身体; 心理; 社会; 価値観を総合的に捉えたアセスメントを行うことができるという視点で評価する\\n看護過程の展開の課題の締め切り日は; 2026年12月25日(金)13時です。\\n表紙(学籍番号と氏名を記載)をつけて; ホッチキスで留めて; 研究室のボックスに提出。\\n確認問題の課題70%,評価のフィードバックは; 疑問・質問を受け付け; 個別面談を行う。
154510,3-4,金2; 金3,母性看護論,二川 香里,2,専門教育科目 看護学,3.0,杉 11講義室,1.家族中心のケア  妊娠期のケア1\\n2.家族中心のケア  妊娠期のケア2\\n3.家族中心のケア  妊娠期のケア3\\n4.妊娠期における正常からの逸脱1\\n5.妊娠期における正常からの逸脱2\\n6.家族にとっての出産体験1\\n7.家族にとっての出産体験2\\n8.家族にとっての出産体験3\\n9.分娩期の異常への看護\\n10.家族中心のケア  産褥期のケア1\\n11.家族中心のケア  産褥期のケア2\\n12.家族中心のケア  産褥期のケア3\\n13.産褥期の正常からの逸脱とケア\\n14.家族中心のケア  新生児期のケア1\\n15.家族中心のケア  新生児期のケア2\\n16.新生児期の異常のケア\\n17.妊娠期・分娩期のまとめ\\n18-20.妊婦・褥婦・新生児のケアに必要な技術\\n21.妊婦・褥婦・新生児のケアに必要な技術試験\\n22-25.母子看護過程の展開について\\n26.母子看護過程の展開 解説、 個別返却,筆記試験: 妊娠期、分娩期、産褥期、新生児期  50%\\n達成目標(1)~(16)の評価への寄与率は同等とする。\\n課題レポート:事例の看護過程展開           25%\\n技術試験                                                      25%\\n課題レポート(看護過程展開)の評価基準\\n・情報を整理し記述してあること\\n・情報をエビデンスを用いて分析し、事例に合わせて統合していること\\n・適切な表現で看護問題・課題が表記されていること\\n・目標は対象が主語となる表現で、評価可能な表記がされていること\\n・事例にあった看護計画がされていること\\n・看護過程に連続性・一貫性があること\\n技術試験の評価基準\\n・ケア項目の目的が適切に言える\\n・身だしなみが整っている\\n・必要物品の準備ができる\\n・一通りの手順が正確である\\n・手技が的確である\\n・不必要な露出を避けるなど、プライバシーへの配慮ができる\\n・看護者らしい声掛けができる\\n・時間内に手早くできる など,
154565,3-4,火4; 金3,ヘルスケアシステム論II,髙倉 恭子,3,専門教育科目 看護学,2,杉 22講義室,原則、対面による講義\\n授業は、非常勤講師と本学教員による。但し、以下の回(日程)において、変更が生じた際は、連絡をする。\\n1回:社会保障制度と国・地方自治体の課題(担当:非常勤講師)\\n2回:感染症対策(担当:非常勤講師)\\n3回:学祭準備(休講)※対応は、講義時に説明\\n4回:母子保健対策(担当:非常勤講師)\\n5回:医療安全(担当:看護学科教員)\\n6回:難病対策(担当:非常勤講師)\\n7回:精神疾患を有する人々の特性と生活上の課題支援(担当:医学科教員)\\n8回:地域で暮らす精神障がい、精神疾患を有する人々の社会支援(担当:非常勤講師)\\n9回:地域包括支援センターにおける生活困難者の支援(担当:非常勤講師)\\n10回:歯科(口腔)保健対策(担当:医学科教員)\\n11回:エコチル事業から捉えた子どもの健康に関する課題と対策(担当:医学科教員)\\n12回:※メディアデー\\n13回:高齢者保健福祉対策「認知症対策」(担当:看護学科教員)\\n14回:児童の社会福祉対策(担当:非常勤講師)\\n15回:学びのまとめ(担当:髙倉),・ 科目担当者が提示する課題レポート (80%)にて評価する。評価基準は「設定した課題を正しく理解した上で、参考資料等も活用し、課題に対する自分の考えを記述できる」「その記述は、理論的かつ、読み手に伝わる文章構成」とする。\\n・各授業を聴講し記述する学びのレポート (20%)にて評価する(評価基準:講義の内容について、自らの考察も交えて、意見や学んだことを述べる。また、箇条書きの羅列ではなく、学習内容を他者に伝わることも意識し、文章で記述する)。\\n・評価について、質問があれば受け付ける。,・授業で提示された事業の背景等の詳細、各制度の詳細、保健や医療の活動に携わる各専門職の役割等については、教科書等を活用し、内容の確認を積極的に行って下さい。\\n・外部講師の都合等により、授業の順番や内容変更が生じた際は、moodle又は、授業時に連絡をします。
